{"data_time": 0.025410471484065056, "eta_seconds": 50322.33749744482, "fast_rcnn/cls_accuracy": 0.404296875, "fast_rcnn/false_negative": 0.8828125, "fast_rcnn/fg_cls_accuracy": 0.0546875, "iteration": 19, "loss_box_reg": 0.5498510301113129, "loss_cls": 1.0816988348960876, "loss_rpn_cls": 0.7013815939426422, "loss_rpn_loc": 0.2641102075576782, "lr": 1.60675e-05, "roi_head/num_bg_samples": 96.0, "roi_head/num_fg_samples": 32.0, "rpn/num_neg_anchors": 130.5, "rpn/num_pos_anchors": 125.5, "time": 179.7226339194458, "total_loss": 2.622692547738552}
{"data_time": 0.025365632493048906, "fast_rcnn/cls_accuracy": 0.5625, "fast_rcnn/false_negative": 0.953125, "fast_rcnn/fg_cls_accuracy": 0.015625, "iteration": 28, "loss_box_reg": 0.5462091565132141, "loss_cls": 1.0066446661949158, "loss_rpn_cls": 0.044294245541095734, "loss_rpn_loc": 0.23521839827299118, "lr": 2.356e-05, "roi_head/num_bg_samples": 96.0, "roi_head/num_fg_samples": 32.0, "rpn/num_neg_anchors": 129.75, "rpn/num_pos_anchors": 126.25, "time": 188.8950104515534, "total_loss": 1.8949676230549812}
{"eta_seconds": 48655.12527036248, "iteration": 29}
